<?xml version="1.0"?>
<data grt_format="2.0">
  <value _ptr_="0x55b9e5b64730" type="list" content-type="object" content-struct-name="db.mgmt.Connection">
    <value type="object" struct-name="db.mgmt.Connection" id="7513e787-9938-11ea-9264-6c626dfc3963" struct-checksum="0x96ba47d8">
      <link type="object" struct-name="db.mgmt.Driver" key="driver">com.mysql.rdbms.mysql.driver.native</link>
      <value type="string" key="hostIdentifier">Mysql@localhost:3306</value>
      <value type="int" key="isDefault">1</value>
      <value _ptr_="0x55b9e647c1c0" type="dict" key="modules"/>
      <value _ptr_="0x55b9e6489440" type="dict" key="parameterValues">
        <value type="string" key="DbSqlEditor:LastDefaultSchema">dbdime</value>
        <value type="string" key="SQL_MODE"></value>
        <value type="string" key="hostName">localhost</value>
        <value type="int" key="lastConnected">1602595901</value>
        <value type="string" key="password"></value>
        <value type="int" key="port">3306</value>
        <value type="string" key="schema"></value>
        <value type="string" key="serverVersion">5.7.31-0ubuntu0.18.04.1</value>
        <value type="string" key="sslCA"></value>
        <value type="string" key="sslCert"></value>
        <value type="string" key="sslCipher"></value>
        <value type="string" key="sslKey"></value>
        <value type="int" key="useSSL">1</value>
        <value type="string" key="userName">pythonuser</value>
      </value>
      <value type="string" key="name">ConMySQL</value>
      <link type="object" struct-name="GrtObject" key="owner">6ca77039-0d58-11eb-92e1-5cc9d320f47d</link>
    </value>
  </value>
</data>
