<?xml version="1.0"?>
<data grt_format="2.0">
  <value _ptr_="0x55b9e617d8d0" type="list" content-type="object" content-struct-name="db.mgmt.ServerInstance">
    <value type="object" struct-name="db.mgmt.ServerInstance" id="b017710a-e72c-11ea-b6be-5cc9d320f47d" struct-checksum="0x367436e2">
      <link type="object" struct-name="db.mgmt.Connection" key="connection">7513e787-9938-11ea-9264-6c626dfc3963</link>
      <value _ptr_="0x55b9e63f8980" type="dict" key="loginInfo"/>
      <value _ptr_="0x55b9e6494620" type="dict" key="serverInfo">
        <value type="int" key="setupPending">0</value>
        <value type="string" key="sys.sudo"></value>
      </value>
      <value type="string" key="name">ConMySQL</value>
    </value>
  </value>
</data>
